{
  "roc_auc": 0.6631515862477045,
  "pr_auc": 0.035571723940764646,
  "precision": 0.014827947457490531,
  "recall": 0.997289972899729,
  "f1": 0.029221423750347402
}