{
  "roc_auc": 0.7142360682638179,
  "pr_auc": 0.1062633253704218,
  "precision": 0.03922627080521817,
  "recall": 0.9646017699115044,
  "f1": 0.07538687645889168
}