{
  "roc_auc": 0.7362150310997897,
  "pr_auc": 0.19745954261383597,
  "precision": 0.10606060606060606,
  "recall": 0.49557522123893805,
  "f1": 0.1747269890795632
}